{
    "list": [
        {
            "CategoryID": 1,
            "CategoryName": "Beverages",
            "ProductName": "Chai",
            "ProductSales": "4887.0000"
        },
        {
            "CategoryID": 1,
            "CategoryName": "Beverages",
            "ProductName": "Chang",
            "ProductSales": "7038.5500"
        },
        {
            "CategoryID": 1,
            "CategoryName": "Beverages",
            "ProductName": "Chartreuse verte",
            "ProductSales": "4475.7000"
        },
        {
            "CategoryID": 1,
            "CategoryName": "Beverages",
            "ProductName": "Côte de Blaye",
            "ProductSales": "49198.0900"
        },
        {
            "CategoryID": 1,
            "CategoryName": "Beverages",
            "ProductName": "Guaraná Fantástica",
            "ProductSales": "1630.1300"
        },
        {
            "CategoryID": 1,
            "CategoryName": "Beverages",
            "ProductName": "Ipoh Coffee",
            "ProductSales": "11069.9000"
        },
        {
            "CategoryID": 1,
            "CategoryName": "Beverages",
            "ProductName": "Lakkalikööri",
            "ProductSales": "7379.1000"
        },
        {
            "CategoryID": 1,
            "CategoryName": "Beverages",
            "ProductName": "Laughing Lumberjack Lager",
            "ProductSales": "910.0000"
        },
        {
            "CategoryID": 1,
            "CategoryName": "Beverages",
            "ProductName": "Outback Lager",
            "ProductSales": "5468.4000"
        },
        {
            "CategoryID": 1,
            "CategoryName": "Beverages",
            "ProductName": "Rhönbräu Klosterbier",
            "ProductSales": "4485.5400"
        },
        {
            "CategoryID": 1,
            "CategoryName": "Beverages",
            "ProductName": "Sasquatch Ale",
            "ProductSales": "2107.0000"
        },
        {
            "CategoryID": 1,
            "CategoryName": "Beverages",
            "ProductName": "Steeleye Stout",
            "ProductSales": "5274.9000"
        },
        {
            "CategoryID": 2,
            "CategoryName": "Condiments",
            "ProductName": "Aniseed Syrup",
            "ProductSales": "1724.0000"
        },
        {
            "CategoryID": 2,
            "CategoryName": "Condiments",
            "ProductName": "Chef Anton's Cajun Seasoning",
            "ProductSales": "5214.8800"
        },
        {
            "CategoryID": 2,
            "CategoryName": "Condiments",
            "ProductName": "Chef Anton's Gumbo Mix",
            "ProductSales": "373.6300"
        },
        {
            "CategoryID": 2,
            "CategoryName": "Condiments",
            "ProductName": "Genen Shouyu",
            "ProductSales": "1474.8300"
        },
        {
            "CategoryID": 2,
            "CategoryName": "Condiments",
            "ProductName": "Grandma's Boysenberry Spread",
            "ProductSales": "2500.0000"
        },
        {
            "CategoryID": 2,
            "CategoryName": "Condiments",
            "ProductName": "Gula Malacca",
            "ProductSales": "6737.9500"
        },
        {
            "CategoryID": 2,
            "CategoryName": "Condiments",
            "ProductName": "Louisiana Fiery Hot Pepper Sauce",
            "ProductSales": "9373.1800"
        },
        {
            "CategoryID": 2,
            "CategoryName": "Condiments",
            "ProductName": "Louisiana Hot Spiced Okra",
            "ProductSales": "2958.0000"
        },
        {
            "CategoryID": 2,
            "CategoryName": "Condiments",
            "ProductName": "Northwoods Cranberry Sauce",
            "ProductSales": "4260.0000"
        },
        {
            "CategoryID": 2,
            "CategoryName": "Condiments",
            "ProductName": "Original Frankfurter grüne Soße",
            "ProductSales": "4761.3800"
        },
        {
            "CategoryID": 2,
            "CategoryName": "Condiments",
            "ProductName": "Sirop d'érable",
            "ProductSales": "9091.5000"
        },
        {
            "CategoryID": 2,
            "CategoryName": "Condiments",
            "ProductName": "Vegie-spread",
            "ProductSales": "6899.2500"
        },
        {
            "CategoryID": 3,
            "CategoryName": "Confections",
            "ProductName": "Chocolade",
            "ProductSales": "1282.0100"
        },
        {
            "CategoryID": 3,
            "CategoryName": "Confections",
            "ProductName": "Gumbär Gummibärchen",
            "ProductSales": "10443.0700"
        },
        {
            "CategoryID": 3,
            "CategoryName": "Confections",
            "ProductName": "Maxilaku",
            "ProductSales": "3128.6000"
        },
        {
            "CategoryID": 3,
            "CategoryName": "Confections",
            "ProductName": "NuNuCa Nuß-Nougat-Creme",
            "ProductSales": "1692.6000"
        },
        {
            "CategoryID": 3,
            "CategoryName": "Confections",
            "ProductName": "Pavlova",
            "ProductSales": "8663.4200"
        },
        {
            "CategoryID": 3,
            "CategoryName": "Confections",
            "ProductName": "Schoggi Schokolade",
            "ProductSales": "10974.0000"
        },
        {
            "CategoryID": 3,
            "CategoryName": "Confections",
            "ProductName": "Scottish Longbreads",
            "ProductSales": "4157.5000"
        },
        {
            "CategoryID": 3,
            "CategoryName": "Confections",
            "ProductName": "Sir Rodney's Marmalade",
            "ProductSales": "7314.3000"
        },
        {
            "CategoryID": 3,
            "CategoryName": "Confections",
            "ProductName": "Sir Rodney's Scones",
            "ProductSales": "5273.0000"
        },
        {
            "CategoryID": 3,
            "CategoryName": "Confections",
            "ProductName": "Tarte au sucre",
            "ProductSales": "21638.2900"
        },
        {
            "CategoryID": 3,
            "CategoryName": "Confections",
            "ProductName": "Teatime Chocolate Biscuits",
            "ProductSales": "2986.7500"
        },
        {
            "CategoryID": 3,
            "CategoryName": "Confections",
            "ProductName": "Valkoinen suklaa",
            "ProductSales": "2173.4400"
        },
        {
            "CategoryID": 3,
            "CategoryName": "Confections",
            "ProductName": "Zaanse koeken",
            "ProductSales": "2930.7500"
        },
        {
            "CategoryID": 4,
            "CategoryName": "Dairy Products",
            "ProductName": "Camembert Pierrot",
            "ProductSales": "20505.4000"
        },
        {
            "CategoryID": 4,
            "CategoryName": "Dairy Products",
            "ProductName": "Flotemysost",
            "ProductSales": "8438.7600"
        },
        {
            "CategoryID": 4,
            "CategoryName": "Dairy Products",
            "ProductName": "Geitost",
            "ProductSales": "786.0000"
        },
        {
            "CategoryID": 4,
            "CategoryName": "Dairy Products",
            "ProductName": "Gorgonzola Telino",
            "ProductSales": "7300.7500"
        },
        {
            "CategoryID": 4,
            "CategoryName": "Dairy Products",
            "ProductName": "Gudbrandsdalsost",
            "ProductSales": "13062.6000"
        },
        {
            "CategoryID": 4,
            "CategoryName": "Dairy Products",
            "ProductName": "Mascarpone Fabioli",
            "ProductSales": "2668.8000"
        },
        {
            "CategoryID": 4,
            "CategoryName": "Dairy Products",
            "ProductName": "Mozzarella di Giovanni",
            "ProductSales": "11602.8000"
        },
        {
            "CategoryID": 4,
            "CategoryName": "Dairy Products",
            "ProductName": "Queso Cabrales",
            "ProductSales": "6911.9400"
        },
        {
            "CategoryID": 4,
            "CategoryName": "Dairy Products",
            "ProductName": "Queso Manchego La Pastora",
            "ProductSales": "8335.3000"
        },
        {
            "CategoryID": 4,
            "CategoryName": "Dairy Products",
            "ProductName": "Raclette Courdavault",
            "ProductSales": "35775.3000"
        },
        {
            "CategoryID": 5,
            "CategoryName": "Grains/Cereals",
            "ProductName": "Filo Mix",
            "ProductSales": "2124.1500"
        },
        {
            "CategoryID": 5,
            "CategoryName": "Grains/Cereals",
            "ProductName": "Gnocchi di nonna Alice",
            "ProductSales": "32604.0000"
        },
        {
            "CategoryID": 5,
            "CategoryName": "Grains/Cereals",
            "ProductName": "Gustaf's Knäckebröd",
            "ProductSales": "4233.6000"
        },
        {
            "CategoryID": 5,
            "CategoryName": "Grains/Cereals",
            "ProductName": "Ravioli Angelo",
            "ProductSales": "2156.7000"
        },
        {
            "CategoryID": 5,
            "CategoryName": "Grains/Cereals",
            "ProductName": "Singaporean Hokkien Fried Mee",
            "ProductSales": "5408.2000"
        },
        {
            "CategoryID": 5,
            "CategoryName": "Grains/Cereals",
            "ProductName": "Tunnbröd",
            "ProductSales": "2288.7000"
        },
        {
            "CategoryID": 5,
            "CategoryName": "Grains/Cereals",
            "ProductName": "Wimmers gute Semmelknödel",
            "ProductSales": "8056.4700"
        },
        {
            "CategoryID": 6,
            "CategoryName": "Meat/Poultry",
            "ProductName": "Alice Mutton",
            "ProductSales": "17604.6000"
        },
        {
            "CategoryID": 6,
            "CategoryName": "Meat/Poultry",
            "ProductName": "Mishi Kobe Niku",
            "ProductSales": "6935.5000"
        },
        {
            "CategoryID": 6,
            "CategoryName": "Meat/Poultry",
            "ProductName": "Pâté chinois",
            "ProductSales": "7832.8800"
        },
        {
            "CategoryID": 6,
            "CategoryName": "Meat/Poultry",
            "ProductName": "Perth Pasties",
            "ProductSales": "10661.9300"
        },
        {
            "CategoryID": 6,
            "CategoryName": "Meat/Poultry",
            "ProductName": "Thüringer Rostbratwurst",
            "ProductSales": "34755.9200"
        },
        {
            "CategoryID": 6,
            "CategoryName": "Meat/Poultry",
            "ProductName": "Tourtière",
            "ProductSales": "3184.2900"
        },
        {
            "CategoryID": 7,
            "CategoryName": "Produce",
            "ProductName": "Longlife Tofu",
            "ProductSales": "1000.5000"
        },
        {
            "CategoryID": 7,
            "CategoryName": "Produce",
            "ProductName": "Manjimup Dried Apples",
            "ProductSales": "24570.8000"
        },
        {
            "CategoryID": 7,
            "CategoryName": "Produce",
            "ProductName": "Rössle Sauerkraut",
            "ProductSales": "13948.6800"
        },
        {
            "CategoryID": 7,
            "CategoryName": "Produce",
            "ProductName": "Tofu",
            "ProductSales": "6234.4800"
        },
        {
            "CategoryID": 7,
            "CategoryName": "Produce",
            "ProductName": "Uncle Bob's Organic Dried Pears",
            "ProductSales": "9186.3000"
        },
        {
            "CategoryID": 8,
            "CategoryName": "Seafood",
            "ProductName": "Boston Crab Meat",
            "ProductSales": "9814.7300"
        },
        {
            "CategoryID": 8,
            "CategoryName": "Seafood",
            "ProductName": "Carnarvon Tigers",
            "ProductSales": "15950.0000"
        },
        {
            "CategoryID": 8,
            "CategoryName": "Seafood",
            "ProductName": "Escargots de Bourgogne",
            "ProductSales": "2076.2800"
        },
        {
            "CategoryID": 8,
            "CategoryName": "Seafood",
            "ProductName": "Gravad lax",
            "ProductSales": "629.2000"
        },
        {
            "CategoryID": 8,
            "CategoryName": "Seafood",
            "ProductName": "Ikura",
            "ProductSales": "9935.5000"
        },
        {
            "CategoryID": 8,
            "CategoryName": "Seafood",
            "ProductName": "Inlagd Sill",
            "ProductSales": "6894.1500"
        },
        {
            "CategoryID": 8,
            "CategoryName": "Seafood",
            "ProductName": "Jack's New England Clam Chowder",
            "ProductSales": "4957.2500"
        },
        {
            "CategoryID": 8,
            "CategoryName": "Seafood",
            "ProductName": "Konbu",
            "ProductSales": "812.9400"
        },
        {
            "CategoryID": 8,
            "CategoryName": "Seafood",
            "ProductName": "Nord-Ost Matjeshering",
            "ProductSales": "6034.3900"
        },
        {
            "CategoryID": 8,
            "CategoryName": "Seafood",
            "ProductName": "Röd Kaviar",
            "ProductSales": "3517.5000"
        },
        {
            "CategoryID": 8,
            "CategoryName": "Seafood",
            "ProductName": "Rogede sild",
            "ProductSales": "3355.8700"
        },
        {
            "CategoryID": 8,
            "CategoryName": "Seafood",
            "ProductName": "Spegesild",
            "ProductSales": "2981.4000"
        }
    ]
}